Company,Email,Subject,Body
Idea Peddler,hello@ideapeddler.com,quick question about Idea Peddler,"Hi,

Came across Idea Peddler — a client of yours mentioned """"Winners work with Blake!...""

That kind of result usually means the delivery is dialled in. The challenge most agencies face at that point is whether the ops behind it can scale without adding headcount.

I do free 5-minute Loom workflow teardowns for agencies — map out exactly what I'd automate first, specific to how Idea Peddler operates. No pitch, just the blueprint.

Would it be a bad idea to send one over?

Aleem | NexusPoint
nexuspointai.com"
Envision Creative,sales@envision-creative.com,quick question about Envision Creative,"Hi,

Came across Envision Creative — a client of yours mentioned """"They did a phenomenal job with all my  needs...""

That kind of result usually means the delivery is dialled in. The challenge most agencies face at that point is whether the ops behind it can scale without adding headcount.

I do free 5-minute Loom workflow teardowns for agencies — map out exactly what I'd automate first, specific to how Envision Creative operates. No pitch, just the blueprint.

Would it be a bad idea to send one over?

Aleem | NexusPoint
nexuspointai.com"
ADMEN,support@admen.com,quick question about ADMEN,"Hi,

Came across ADMEN — a client of yours mentioned """"Professional service and always available when needed...""

That kind of result usually means the delivery is dialled in. The challenge most agencies face at that point is whether the ops behind it can scale without adding headcount.

I do free 5-minute Loom workflow teardowns for agencies — map out exactly what I'd automate first, specific to how ADMEN operates. No pitch, just the blueprint.

Would it be a bad idea to send one over?

Aleem | NexusPoint
nexuspointai.com"
Adspace,hi@adspaceagency.com,quick question about Adspace,"Hi,

Came across Adspace — a client of yours mentioned """"Adspace always delivered their service on time and was well prepared...""

That kind of result usually means the delivery is dialled in. The challenge most agencies face at that point is whether the ops behind it can scale without adding headcount.

I do free 5-minute Loom workflow teardowns for agencies — map out exactly what I'd automate first, specific to how Adspace operates. No pitch, just the blueprint.

Would it be a bad idea to send one over?

Aleem | NexusPoint
nexuspointai.com"
Top Austin SEO Company,team@topaustinseo.com,quick question about Top Austin SEO Company,"Hi,

Came across Top Austin SEO Company — a client of yours mentioned """"They prioritize efficiency and reliability...""

That kind of result usually means the delivery is dialled in. The challenge most agencies face at that point is whether the ops behind it can scale without adding headcount.

I do free 5-minute Loom workflow teardowns for agencies — map out exactly what I'd automate first, specific to how Top Austin SEO Company operates. No pitch, just the blueprint.

Would it be a bad idea to send one over?

Aleem | NexusPoint
nexuspointai.com"
"James Mata, Austin Digital Marketing Consultant",james.mata@hibu.com,"quick question about James Mata, Austin Digital Marketing Consultant","Hi,

Came across James Mata, Austin Digital Marketing Consultant — a client of yours mentioned """"He is very knowledgeable in  and work to serve others?...""

That kind of result usually means the delivery is dialled in. The challenge most agencies face at that point is whether the ops behind it can scale without adding headcount.

I do free 5-minute Loom workflow teardowns for agencies — map out exactly what I'd automate first, specific to how James Mata, Austin Digital Marketing Consultant operates. No pitch, just the blueprint.

Would it be a bad idea to send one over?

Aleem | NexusPoint
nexuspointai.com"
Madrid Web Digital - Agencia de Marketing en España,info@madridweb.net,quick question about Madrid Web Digital - Agencia de Marketing en España,"Hi,

Came across Madrid Web Digital - Agencia de Marketing en España — a client of yours mentioned """"The entire process was quick and easy, and every step was explained to me...""

That kind of result usually means the delivery is dialled in. The challenge most agencies face at that point is whether the ops behind it can scale without adding headcount.

I do free 5-minute Loom workflow teardowns for agencies — map out exactly what I'd automate first, specific to how Madrid Web Digital - Agencia de Marketing en España operates. No pitch, just the blueprint.

Would it be a bad idea to send one over?

Aleem | NexusPoint
nexuspointai.com"
Insight Goat,support@insightgoat.com,quick question about Insight Goat,"Hi,

Came across Insight Goat — a client of yours mentioned """"Insight Goat has been a true partner in our  efforts...""

That kind of result usually means the delivery is dialled in. The challenge most agencies face at that point is whether the ops behind it can scale without adding headcount.

I do free 5-minute Loom workflow teardowns for agencies — map out exactly what I'd automate first, specific to how Insight Goat operates. No pitch, just the blueprint.

Would it be a bad idea to send one over?

Aleem | NexusPoint
nexuspointai.com"
RG Agency,contact@rgagencyusa.com,quick question about RG Agency,"Hi,

Came across RG Agency — a client of yours mentioned """"They are personable, professional, and dedicated - truly experts!...""

That kind of result usually means the delivery is dialled in. The challenge most agencies face at that point is whether the ops behind it can scale without adding headcount.

I do free 5-minute Loom workflow teardowns for agencies — map out exactly what I'd automate first, specific to how RG Agency operates. No pitch, just the blueprint.

Would it be a bad idea to send one over?

Aleem | NexusPoint
nexuspointai.com"
Iconier Digital Marketing Agency,contact@iconier.com,quick question about Iconier Digital Marketing Agency,"Hi,

Came across Iconier Digital Marketing Agency — a client of yours mentioned """"They really understand social media and the latest  trends...""

That kind of result usually means the delivery is dialled in. The challenge most agencies face at that point is whether the ops behind it can scale without adding headcount.

I do free 5-minute Loom workflow teardowns for agencies — map out exactly what I'd automate first, specific to how Iconier Digital Marketing Agency operates. No pitch, just the blueprint.

Would it be a bad idea to send one over?

Aleem | NexusPoint
nexuspointai.com"
GLIDE®,support@glidedesign.com,quick question about GLIDE®,"Hi,

Came across GLIDE® — a client of yours mentioned """"Timely and great service...""

That kind of result usually means the delivery is dialled in. The challenge most agencies face at that point is whether the ops behind it can scale without adding headcount.

I do free 5-minute Loom workflow teardowns for agencies — map out exactly what I'd automate first, specific to how GLIDE® operates. No pitch, just the blueprint.

Would it be a bad idea to send one over?

Aleem | NexusPoint
nexuspointai.com"
EVpro Marketing,info@evpromarketing.com,quick question about EVpro Marketing,"Hi,

Came across EVpro Marketing — a client of yours mentioned """"Very professional and friendly when it comes to...""

That kind of result usually means the delivery is dialled in. The challenge most agencies face at that point is whether the ops behind it can scale without adding headcount.

I do free 5-minute Loom workflow teardowns for agencies — map out exactly what I'd automate first, specific to how EVpro Marketing operates. No pitch, just the blueprint.

Would it be a bad idea to send one over?

Aleem | NexusPoint
nexuspointai.com"
Middle Way Marketing,info@middlewaymarketing.com,quick question about Middle Way Marketing,"Hi,

Came across Middle Way Marketing — a client of yours mentioned """"Their quality of work and responsiveness are always top notch...""

That kind of result usually means the delivery is dialled in. The challenge most agencies face at that point is whether the ops behind it can scale without adding headcount.

I do free 5-minute Loom workflow teardowns for agencies — map out exactly what I'd automate first, specific to how Middle Way Marketing operates. No pitch, just the blueprint.

Would it be a bad idea to send one over?

Aleem | NexusPoint
nexuspointai.com"
Impressive,careers@impressivedigital.com,quick question about Impressive,"Hi,

Came across Impressive — a client of yours mentioned """"They are knowledgeable, responsive and so fun to work with...""

That kind of result usually means the delivery is dialled in. The challenge most agencies face at that point is whether the ops behind it can scale without adding headcount.

I do free 5-minute Loom workflow teardowns for agencies — map out exactly what I'd automate first, specific to how Impressive operates. No pitch, just the blueprint.

Would it be a bad idea to send one over?

Aleem | NexusPoint
nexuspointai.com"
Jay Mehta Digital,jay@jaymehta.co,quick question about Jay Mehta Digital,"Hi,

Came across Jay Mehta Digital — a client of yours mentioned """"Their work has significantly enhanced our online presence...""

That kind of result usually means the delivery is dialled in. The challenge most agencies face at that point is whether the ops behind it can scale without adding headcount.

I do free 5-minute Loom workflow teardowns for agencies — map out exactly what I'd automate first, specific to how Jay Mehta Digital operates. No pitch, just the blueprint.

Would it be a bad idea to send one over?

Aleem | NexusPoint
nexuspointai.com"
Hitch,contact@hitchmedia.co,quick question about Hitch,"Hi,

Came across Hitch — a client of yours mentioned """"Responsive, on-time, on-budget, attentive, and super easy to work with...""

That kind of result usually means the delivery is dialled in. The challenge most agencies face at that point is whether the ops behind it can scale without adding headcount.

I do free 5-minute Loom workflow teardowns for agencies — map out exactly what I'd automate first, specific to how Hitch operates. No pitch, just the blueprint.

Would it be a bad idea to send one over?

Aleem | NexusPoint
nexuspointai.com"
Slade Marketing,ryder@slademarketing.com,quick question about Slade Marketing,"Hi,

Came across Slade Marketing — a client of yours mentioned """"The team has been incredibly responsive and knowledgeable...""

That kind of result usually means the delivery is dialled in. The challenge most agencies face at that point is whether the ops behind it can scale without adding headcount.

I do free 5-minute Loom workflow teardowns for agencies — map out exactly what I'd automate first, specific to how Slade Marketing operates. No pitch, just the blueprint.

Would it be a bad idea to send one over?

Aleem | NexusPoint
nexuspointai.com"
Blank Box Digital Marketing,alexcrisan@blankboxdigital.com,quick question about Blank Box Digital Marketing,"Hi,

Came across Blank Box Digital Marketing — a client of yours mentioned """"If you are looking for a  in Austin, look no further...""

That kind of result usually means the delivery is dialled in. The challenge most agencies face at that point is whether the ops behind it can scale without adding headcount.

I do free 5-minute Loom workflow teardowns for agencies — map out exactly what I'd automate first, specific to how Blank Box Digital Marketing operates. No pitch, just the blueprint.

Would it be a bad idea to send one over?

Aleem | NexusPoint
nexuspointai.com"
Novo Dash Marketing Agency,contact@novodash.com,quick question about Novo Dash Marketing Agency,"Hi,

Came across Novo Dash Marketing Agency — a client of yours mentioned """"They are very responsive, educated, and willing to assist...""

That kind of result usually means the delivery is dialled in. The challenge most agencies face at that point is whether the ops behind it can scale without adding headcount.

I do free 5-minute Loom workflow teardowns for agencies — map out exactly what I'd automate first, specific to how Novo Dash Marketing Agency operates. No pitch, just the blueprint.

Would it be a bad idea to send one over?

Aleem | NexusPoint
nexuspointai.com"
Delicious Digital Marketing,info@deliciousdigitalmarketing.com,quick question about Delicious Digital Marketing,"Hi,

It looks like Delicious Digital Marketing has been running for 5+ years out of Austin — that kind of track record usually means the delivery is solid, but the backend systems are still the original ones from when you were half the size.

I do free 5-minute Loom workflow teardowns for agencies — map out exactly what I'd automate first, specific to how Delicious Digital Marketing operates. No pitch, just the blueprint.

Would it be a bad idea to send one over?

Aleem | NexusPoint
nexuspointai.com"
mixtape marketing,charlie@mixtapeagency.com,quick question about mixtape marketing,"Hi,

It looks like mixtape marketing has been running for 15+ years out of Austin — that kind of track record usually means the delivery is solid, but the backend systems are still the original ones from when you were half the size.

I do free 5-minute Loom workflow teardowns for agencies — map out exactly what I'd automate first, specific to how mixtape marketing operates. No pitch, just the blueprint.

Would it be a bad idea to send one over?

Aleem | NexusPoint
nexuspointai.com"
Elite Legal Marketing,info@elitelegalmarketing.com,quick question about Elite Legal Marketing,"Hi,

Came across Elite Legal Marketing — a client of yours mentioned """"We have been very pleased with the results they have provided...""

That kind of result usually means the delivery is dialled in. The challenge most agencies face at that point is whether the ops behind it can scale without adding headcount.

I do free 5-minute Loom workflow teardowns for agencies — map out exactly what I'd automate first, specific to how Elite Legal Marketing operates. No pitch, just the blueprint.

Would it be a bad idea to send one over?

Aleem | NexusPoint
nexuspointai.com"
The Cajas Digital Agency,info@cajasdigital.com,quick question about The Cajas Digital Agency,"Hi,

Came across The Cajas Digital Agency — a client of yours mentioned """"The best in the automotive  business!...""

That kind of result usually means the delivery is dialled in. The challenge most agencies face at that point is whether the ops behind it can scale without adding headcount.

I do free 5-minute Loom workflow teardowns for agencies — map out exactly what I'd automate first, specific to how The Cajas Digital Agency operates. No pitch, just the blueprint.

Would it be a bad idea to send one over?

Aleem | NexusPoint
nexuspointai.com"
Webtek Digital Marketing,hi@webtek.co,quick question about Webtek Digital Marketing,"Hi,

Came across Webtek Digital Marketing — a client of yours mentioned """"Dont look any further for a reliable online presence builder!...""

That kind of result usually means the delivery is dialled in. The challenge most agencies face at that point is whether the ops behind it can scale without adding headcount.

I do free 5-minute Loom workflow teardowns for agencies — map out exactly what I'd automate first, specific to how Webtek Digital Marketing operates. No pitch, just the blueprint.

Would it be a bad idea to send one over?

Aleem | NexusPoint
nexuspointai.com"
Rebel + Riot | Creative Co.,sandy@rebelriotdigital.com,quick question about Rebel + Riot | Creative Co.,"Hi,

It looks like Rebel + Riot | Creative Co. has been running for 5+ years out of Austin — that kind of track record usually means the delivery is solid, but the backend systems are still the original ones from when you were half the size.

I do free 5-minute Loom workflow teardowns for agencies — map out exactly what I'd automate first, specific to how Rebel + Riot | Creative Co. operates. No pitch, just the blueprint.

Would it be a bad idea to send one over?

Aleem | NexusPoint
nexuspointai.com"
Leverage Marketing,info@theleverageway.com,quick question about Leverage Marketing,"Hi,

Came across Leverage Marketing — a client of yours mentioned """"This compny very very good...""

That kind of result usually means the delivery is dialled in. The challenge most agencies face at that point is whether the ops behind it can scale without adding headcount.

I do free 5-minute Loom workflow teardowns for agencies — map out exactly what I'd automate first, specific to how Leverage Marketing operates. No pitch, just the blueprint.

Would it be a bad idea to send one over?

Aleem | NexusPoint
nexuspointai.com"
"Local Web Leads, LP",info@drivinglocalleads.com,"quick question about Local Web Leads, LP","Hi,

Came across Local Web Leads, LP — a client of yours mentioned """"Absolutely amazed with this company and being able to work with them!...""

That kind of result usually means the delivery is dialled in. The challenge most agencies face at that point is whether the ops behind it can scale without adding headcount.

I do free 5-minute Loom workflow teardowns for agencies — map out exactly what I'd automate first, specific to how Local Web Leads, LP operates. No pitch, just the blueprint.

Would it be a bad idea to send one over?

Aleem | NexusPoint
nexuspointai.com"
Meetzizi,info@meetzizi.com,quick question about Meetzizi,"Hi,

Came across Meetzizi — a client of yours mentioned """"They’re quick, professional, and actually deliver...""

That kind of result usually means the delivery is dialled in. The challenge most agencies face at that point is whether the ops behind it can scale without adding headcount.

I do free 5-minute Loom workflow teardowns for agencies — map out exactly what I'd automate first, specific to how Meetzizi operates. No pitch, just the blueprint.

Would it be a bad idea to send one over?

Aleem | NexusPoint
nexuspointai.com"
Pecan Street Digital,info@pecanstreetdigital.com,quick question about Pecan Street Digital,"Hi,

Came across Pecan Street Digital — a client of yours mentioned """"Mark immediately understood our vision...""

That kind of result usually means the delivery is dialled in. The challenge most agencies face at that point is whether the ops behind it can scale without adding headcount.

I do free 5-minute Loom workflow teardowns for agencies — map out exactly what I'd automate first, specific to how Pecan Street Digital operates. No pitch, just the blueprint.

Would it be a bad idea to send one over?

Aleem | NexusPoint
nexuspointai.com"
Siege Media,hello@siegemedia.com,quick question about Siege Media,"Hi,

It looks like Siege Media has been running for 5+ years out of Austin — that kind of track record usually means the delivery is solid, but the backend systems are still the original ones from when you were half the size.

I do free 5-minute Loom workflow teardowns for agencies — map out exactly what I'd automate first, specific to how Siege Media operates. No pitch, just the blueprint.

Would it be a bad idea to send one over?

Aleem | NexusPoint
nexuspointai.com"
Sangfroid! Studio,info@sangfroidstudio.com,quick question about Sangfroid! Studio,"Hi,

Came across Sangfroid! Studio — a client of yours mentioned """"Lovely people, excellent work...""

That kind of result usually means the delivery is dialled in. The challenge most agencies face at that point is whether the ops behind it can scale without adding headcount.

I do free 5-minute Loom workflow teardowns for agencies — map out exactly what I'd automate first, specific to how Sangfroid! Studio operates. No pitch, just the blueprint.

Would it be a bad idea to send one over?

Aleem | NexusPoint
nexuspointai.com"
Thought Media,hello@thoughtmedia.com,quick question about Thought Media,"Hi,

Came across Thought Media — a client of yours mentioned """"These guys are excellent at what they do!...""

That kind of result usually means the delivery is dialled in. The challenge most agencies face at that point is whether the ops behind it can scale without adding headcount.

I do free 5-minute Loom workflow teardowns for agencies — map out exactly what I'd automate first, specific to how Thought Media operates. No pitch, just the blueprint.

Would it be a bad idea to send one over?

Aleem | NexusPoint
nexuspointai.com"
MAUVE Social,hello@mauvesocial.com,quick question about MAUVE Social,"Hi,

It looks like MAUVE Social has been running for 3+ years out of Austin — that kind of track record usually means the delivery is solid, but the backend systems are still the original ones from when you were half the size.

I do free 5-minute Loom workflow teardowns for agencies — map out exactly what I'd automate first, specific to how MAUVE Social operates. No pitch, just the blueprint.

Would it be a bad idea to send one over?

Aleem | NexusPoint
nexuspointai.com"
Glass Staircase Creative Agency,rachel@glassstaircase.org,quick question about Glass Staircase Creative Agency,"Hi,

Came across Glass Staircase Creative Agency — a client of yours mentioned """"They can do it all...""

That kind of result usually means the delivery is dialled in. The challenge most agencies face at that point is whether the ops behind it can scale without adding headcount.

I do free 5-minute Loom workflow teardowns for agencies — map out exactly what I'd automate first, specific to how Glass Staircase Creative Agency operates. No pitch, just the blueprint.

Would it be a bad idea to send one over?

Aleem | NexusPoint
nexuspointai.com"
Vuemobi Media,info@vuemobi.com,quick question about Vuemobi Media,"Hi,

It looks like Vuemobi Media has been running for 10+ years out of Austin — that kind of track record usually means the delivery is solid, but the backend systems are still the original ones from when you were half the size.

I do free 5-minute Loom workflow teardowns for agencies — map out exactly what I'd automate first, specific to how Vuemobi Media operates. No pitch, just the blueprint.

Would it be a bad idea to send one over?

Aleem | NexusPoint
nexuspointai.com"
Salient PR,achievemore@salientpr.com,quick question about Salient PR,"Hi,

Came across Salient PR — a client of yours mentioned """"They quickly took the time to understand our business, culture and goals...""

That kind of result usually means the delivery is dialled in. The challenge most agencies face at that point is whether the ops behind it can scale without adding headcount.

I do free 5-minute Loom workflow teardowns for agencies — map out exactly what I'd automate first, specific to how Salient PR operates. No pitch, just the blueprint.

Would it be a bad idea to send one over?

Aleem | NexusPoint
nexuspointai.com"
"Austin Web Services | Web Design + SEO, Local Marketing 24/7",team@austin-web-services.com,"quick question about Austin Web Services | Web Design + SEO, Local Marketing 24/7","Hi,

Came across Austin Web Services | Web Design + SEO, Local Marketing 24/7 — a client of yours mentioned """"Very easy to work with and pays attention to details...""

That kind of result usually means the delivery is dialled in. The challenge most agencies face at that point is whether the ops behind it can scale without adding headcount.

I do free 5-minute Loom workflow teardowns for agencies — map out exactly what I'd automate first, specific to how Austin Web Services | Web Design + SEO, Local Marketing 24/7 operates. No pitch, just the blueprint.

Would it be a bad idea to send one over?

Aleem | NexusPoint
nexuspointai.com"
